[{"model": "sessions.session", "pk": "658fglcvc5kxi95yjf47zgfr2nrax0i7", "fields": {"session_data": ".eJxVjEEOwiAQRe_C2pBJYSi4dO8ZyDADUjU0Ke3KeHdt0oVu_3vvv1Skba1x63mJk6izsur0uyXiR247kDu126x5busyJb0r-qBdX2fJz8vh_h1U6vVbJy9jACQnJIVd4iCWQwkDJ3CGMhRk5wOLBxsQkwFjLVpPIwzABtX7AwbuN9o:1wT0Wn:nD98WbyRmXDBoqrcj-pbaFimYB_R-Z8iTS7Q9TnKVjA", "expire_date": "2026-06-12T16:57:45.967Z"}}, {"model": "sessions.session", "pk": "ew55d21wa4abqjqxwmmzz3blnij565lo", "fields": {"session_data": ".eJxVjDsOwjAQBe_iGln-fyjpOYO167VxADlSnFSIu0OkFNC-mXkvlmBbW9pGWdJE7MwkO_1uCPlR-g7oDv028zz3dZmQ7wo_6ODXmcrzcrh_Bw1G-9bRhRIwG8AQpcGshbGE1nkbXVZGekArogFfoZISQYOKwWftapGSjGbvD9iyN3s:1wQPbe:pc8xZR-0flVKXmKclkzycRvWimchFmkFFWF5FLr3PMk", "expire_date": "2026-06-05T13:08:02.906Z"}}, {"model": "sessions.session", "pk": "ffk3tdug31c8r48qk08jxfuylkx8kuew", "fields": {"session_data": ".eJxVjEEOwiAQRe_C2pBJYSi4dO8ZyDADUjU0Ke3KeHdt0oVu_3vvv1Skba1x63mJk6izsur0uyXiR247kDu126x5busyJb0r-qBdX2fJz8vh_h1U6vVbJy9jACQnJIVd4iCWQwkDJ3CGMhRk5wOLBxsQkwFjLVpPIwzABtX7AwbuN9o:1wT0XI:8b7zFD-Pm_iaw2e_oytTw7eBCpDjy5TQZVFqLlRYDLE", "expire_date": "2026-06-12T16:58:16.053Z"}}, {"model": "token_blacklist.outstandingtoken", "pk": 1, "fields": {"user": 1, "jti": "b3dd2a1652244d3f9c707fa398e61880", "token": "eyJhbGciOiJIUzI1NiIsInR5cCI6IkpXVCJ9.eyJ0b2tlbl90eXBlIjoicmVmcmVzaCIsImV4cCI6MTc4MDA3ODc1MSwiaWF0IjoxNzc5NDczOTUxLCJqdGkiOiJiM2RkMmExNjUyMjQ0ZDNmOWM3MDdmYTM5OGU2MTg4MCIsInVzZXJfaWQiOiIxIn0.YeRp1ypwLNmtwQiuA0uuxzOAyooGc6djPy0xufBGMOo", "created_at": "2026-05-22T18:19:11.911Z", "expires_at": "2026-05-29T18:19:11Z"}}, {"model": "token_blacklist.outstandingtoken", "pk": 2, "fields": {"user": 2, "jti": "2a0bb2401cfb4f4f843663efd7a7e3dc", "token": "eyJhbGciOiJIUzI1NiIsInR5cCI6IkpXVCJ9.eyJ0b2tlbl90eXBlIjoicmVmcmVzaCIsImV4cCI6MTc4MDA3ODgzNiwiaWF0IjoxNzc5NDc0MDM2LCJqdGkiOiIyYTBiYjI0MDFjZmI0ZjRmODQzNjYzZWZkN2E3ZTNkYyIsInVzZXJfaWQiOiIyIn0.pOi0vugKXrUgE3a1Kx4LS5PeHKsiAPrUrKyQ9l5r3rQ", "created_at": "2026-05-22T18:20:36.002Z", "expires_at": "2026-05-29T18:20:36Z"}}, {"model": "token_blacklist.outstandingtoken", "pk": 3, "fields": {"user": 1, "jti": "7f65ab4e09214d6b83592551985c1fec", "token": "eyJhbGciOiJIUzI1NiIsInR5cCI6IkpXVCJ9.eyJ0b2tlbl90eXBlIjoicmVmcmVzaCIsImV4cCI6MTc4MDA4MDQ4MSwiaWF0IjoxNzc5NDc1NjgxLCJqdGkiOiI3ZjY1YWI0ZTA5MjE0ZDZiODM1OTI1NTE5ODVjMWZlYyIsInVzZXJfaWQiOiIxIn0.CR2LFgtgg3hYd7IqLbKdiyGLPD8dXYgUge2pv7zF8E4", "created_at": "2026-05-22T18:48:01.564Z", "expires_at": "2026-05-29T18:48:01Z"}}, {"model": "token_blacklist.outstandingtoken", "pk": 4, "fields": {"user": 3, "jti": "660602d694e34fd990cdeb50321dcfb1", "token": "eyJhbGciOiJIUzI1NiIsInR5cCI6IkpXVCJ9.eyJ0b2tlbl90eXBlIjoicmVmcmVzaCIsImV4cCI6MTc4MDA4MDc0OCwiaWF0IjoxNzc5NDc1OTQ4LCJqdGkiOiI2NjA2MDJkNjk0ZTM0ZmQ5OTBjZGViNTAzMjFkY2ZiMSIsInVzZXJfaWQiOiIzIn0.i4K0KlEJsz8SerX-XWQKV8DXIgD2cGEDbQpcrmHgVGI", "created_at": "2026-05-22T18:52:28.113Z", "expires_at": "2026-05-29T18:52:28Z"}}, {"model": "token_blacklist.outstandingtoken", "pk": 5, "fields": {"user": 3, "jti": "2894bf38c38b4a7589092525c357098b", "token": "eyJhbGciOiJIUzI1NiIsInR5cCI6IkpXVCJ9.eyJ0b2tlbl90eXBlIjoicmVmcmVzaCIsImV4cCI6MTc4MDE1MjM4MywiaWF0IjoxNzc5NTQ3NTgzLCJqdGkiOiIyODk0YmYzOGMzOGI0YTc1ODkwOTI1MjVjMzU3MDk4YiIsInVzZXJfaWQiOiIzIn0.qdQ2KXEA8odQakyGnOh_COJAoGuPTqQLNwam_YKqo2A", "created_at": "2026-05-23T14:46:23.452Z", "expires_at": "2026-05-30T14:46:23Z"}}, {"model": "token_blacklist.outstandingtoken", "pk": 6, "fields": {"user": 3, "jti": "c5ddbce2be1b4fb281bc29da083f8ecf", "token": "eyJhbGciOiJIUzI1NiIsInR5cCI6IkpXVCJ9.eyJ0b2tlbl90eXBlIjoicmVmcmVzaCIsImV4cCI6MTc4MDE1MjM4MywiaWF0IjoxNzc5NTQ3NTgzLCJqdGkiOiJjNWRkYmNlMmJlMWI0ZmIyODFiYzI5ZGEwODNmOGVjZiIsInVzZXJfaWQiOiIzIn0.E4jlgHe5VcLk-A9Y5XrbNC7ai_BWzDwRHpvsyoFw9eE", "created_at": "2026-05-23T14:46:23.453Z", "expires_at": "2026-05-30T14:46:23Z"}}, {"model": "token_blacklist.outstandingtoken", "pk": 7, "fields": {"user": 1, "jti": "e4737cec8082450dad917eaab0a01d66", "token": "eyJhbGciOiJIUzI1NiIsInR5cCI6IkpXVCJ9.eyJ0b2tlbl90eXBlIjoicmVmcmVzaCIsImV4cCI6MTc4MDE1MjU4NiwiaWF0IjoxNzc5NTQ3Nzg2LCJqdGkiOiJlNDczN2NlYzgwODI0NTBkYWQ5MTdlYWFiMGEwMWQ2NiIsInVzZXJfaWQiOiIxIn0.lmc5_LG1GiJ05jBXEUxDhVS52-PJfxeBchsiYZBeQH0", "created_at": "2026-05-23T14:49:46.061Z", "expires_at": "2026-05-30T14:49:46Z"}}, {"model": "token_blacklist.outstandingtoken", "pk": 8, "fields": {"user": 3, "jti": "a130bed7c6c14837a163f3a99e0f4afd", "token": "eyJhbGciOiJIUzI1NiIsInR5cCI6IkpXVCJ9.eyJ0b2tlbl90eXBlIjoicmVmcmVzaCIsImV4cCI6MTc4MDE1MzM3OSwiaWF0IjoxNzc5NTQ4NTc5LCJqdGkiOiJhMTMwYmVkN2M2YzE0ODM3YTE2M2YzYTk5ZTBmNGFmZCIsInVzZXJfaWQiOiIzIn0.19nJyCasrrl0WoEj6EJcEBiZXQMsSBimEd-iT7R5Z9I", "created_at": "2026-05-23T15:02:59.174Z", "expires_at": "2026-05-30T15:02:59Z"}}, {"model": "token_blacklist.outstandingtoken", "pk": 9, "fields": {"user": 1, "jti": "68a1cae6a4e543e6938fc58737714142", "token": "eyJhbGciOiJIUzI1NiIsInR5cCI6IkpXVCJ9.eyJ0b2tlbl90eXBlIjoicmVmcmVzaCIsImV4cCI6MTc4MDE1MzQxNiwiaWF0IjoxNzc5NTQ4NjE2LCJqdGkiOiI2OGExY2FlNmE0ZTU0M2U2OTM4ZmM1ODczNzcxNDE0MiIsInVzZXJfaWQiOiIxIn0.TbHRaztTg_hfc4UHneBd4QtAy4YawQwZjjGUf1ewThU", "created_at": "2026-05-23T15:03:36.292Z", "expires_at": "2026-05-30T15:03:36Z"}}, {"model": "token_blacklist.outstandingtoken", "pk": 10, "fields": {"user": 3, "jti": "d811119a68e741a6aa4e3a7e76e2061c", "token": "eyJhbGciOiJIUzI1NiIsInR5cCI6IkpXVCJ9.eyJ0b2tlbl90eXBlIjoicmVmcmVzaCIsImV4cCI6MTc4MDE1NzQwNiwiaWF0IjoxNzc5NTUyNjA2LCJqdGkiOiJkODExMTE5YTY4ZTc0MWE2YWE0ZTNhN2U3NmUyMDYxYyIsInVzZXJfaWQiOiIzIn0.kZ7N7C6lAqMi24vN9rIPhoekno3_nJyXV8M3Q9F64fk", "created_at": "2026-05-23T16:10:06.840Z", "expires_at": "2026-05-30T16:10:06Z"}}, {"model": "token_blacklist.outstandingtoken", "pk": 11, "fields": {"user": 1, "jti": "b592d31c7644415f80b28377e89bf698", "token": "eyJhbGciOiJIUzI1NiIsInR5cCI6IkpXVCJ9.eyJ0b2tlbl90eXBlIjoicmVmcmVzaCIsImV4cCI6MTc4MDE1NzQ2NywiaWF0IjoxNzc5NTUyNjY3LCJqdGkiOiJiNTkyZDMxYzc2NDQ0MTVmODBiMjgzNzdlODliZjY5OCIsInVzZXJfaWQiOiIxIn0.UfRS0plsbXeXlbDFFHanlJ5RD-WT1gO8dcMpNzefHCc", "created_at": "2026-05-23T16:11:07.303Z", "expires_at": "2026-05-30T16:11:07Z"}}, {"model": "token_blacklist.outstandingtoken", "pk": 12, "fields": {"user": 1, "jti": "766f6192350f4cbf8dec20fd8494485b", "token": "eyJhbGciOiJIUzI1NiIsInR5cCI6IkpXVCJ9.eyJ0b2tlbl90eXBlIjoicmVmcmVzaCIsImV4cCI6MTc4MDE2NDIzMywiaWF0IjoxNzc5NTU5NDMzLCJqdGkiOiI3NjZmNjE5MjM1MGY0Y2JmOGRlYzIwZmQ4NDk0NDg1YiIsInVzZXJfaWQiOiIxIn0.3Uhrmn1UamAvIjv7RJCMisBSZrzdxJLeJWYkBRJv6kA", "created_at": "2026-05-23T18:03:53.369Z", "expires_at": "2026-05-30T18:03:53Z"}}, {"model": "token_blacklist.outstandingtoken", "pk": 13, "fields": {"user": 1, "jti": "036bf229119244c89385225f4d6e1b91", "token": "eyJhbGciOiJIUzI1NiIsInR5cCI6IkpXVCJ9.eyJ0b2tlbl90eXBlIjoicmVmcmVzaCIsImV4cCI6MTc4MDE2NDIzMywiaWF0IjoxNzc5NTU5NDMzLCJqdGkiOiIwMzZiZjIyOTExOTI0NGM4OTM4NTIyNWY0ZDZlMWI5MSIsInVzZXJfaWQiOiIxIn0.eWqlOQzN2l7Y8Y50zSd3E5-S2X86aQ3YpJjW71bpJoU", "created_at": "2026-05-23T18:03:53.373Z", "expires_at": "2026-05-30T18:03:53Z"}}, {"model": "token_blacklist.outstandingtoken", "pk": 14, "fields": {"user": 1, "jti": "9cfce62d0e6244d88a7d838a15276de4", "token": "eyJhbGciOiJIUzI1NiIsInR5cCI6IkpXVCJ9.eyJ0b2tlbl90eXBlIjoicmVmcmVzaCIsImV4cCI6MTc4MDE2NDIzMywiaWF0IjoxNzc5NTU5NDMzLCJqdGkiOiI5Y2ZjZTYyZDBlNjI0NGQ4OGE3ZDgzOGExNTI3NmRlNCIsInVzZXJfaWQiOiIxIn0.gLUG9v7Hyj0lA2_4O8g1nIRQ5AQXCe7JrqZB6Xlpo5k", "created_at": "2026-05-23T18:03:53.368Z", "expires_at": "2026-05-30T18:03:53Z"}}, {"model": "token_blacklist.outstandingtoken", "pk": 15, "fields": {"user": 3, "jti": "586e3917d0a347b5b5ee276e75bb41de", "token": "eyJhbGciOiJIUzI1NiIsInR5cCI6IkpXVCJ9.eyJ0b2tlbl90eXBlIjoicmVmcmVzaCIsImV4cCI6MTc4MDE2NDI2MCwiaWF0IjoxNzc5NTU5NDYwLCJqdGkiOiI1ODZlMzkxN2QwYTM0N2I1YjVlZTI3NmU3NWJiNDFkZSIsInVzZXJfaWQiOiIzIn0._Y0g_aZRLIT3kCyzH-y81tWsu3tDUCY8M_gC3tAD6O4", "created_at": "2026-05-23T18:04:20.136Z", "expires_at": "2026-05-30T18:04:20Z"}}, {"model": "token_blacklist.outstandingtoken", "pk": 16, "fields": {"user": 3, "jti": "e5477524fb204fff92e4dd17c071ceae", "token": "eyJhbGciOiJIUzI1NiIsInR5cCI6IkpXVCJ9.eyJ0b2tlbl90eXBlIjoicmVmcmVzaCIsImV4cCI6MTc4MDMzMzkzNiwiaWF0IjoxNzc5NzI5MTM2LCJqdGkiOiJlNTQ3NzUyNGZiMjA0ZmZmOTJlNGRkMTdjMDcxY2VhZSIsInVzZXJfaWQiOiIzIn0.luLW_S61plX6jUvzpqVF4KTUTLgwBjGP706ZniuzMwI", "created_at": "2026-05-25T17:12:16.069Z", "expires_at": "2026-06-01T17:12:16Z"}}, {"model": "token_blacklist.outstandingtoken", "pk": 17, "fields": {"user": 1, "jti": "de087ccb5a48440e81685042760b5ca9", "token": "eyJhbGciOiJIUzI1NiIsInR5cCI6IkpXVCJ9.eyJ0b2tlbl90eXBlIjoicmVmcmVzaCIsImV4cCI6MTc4MDMzMzk2MywiaWF0IjoxNzc5NzI5MTYzLCJqdGkiOiJkZTA4N2NjYjVhNDg0NDBlODE2ODUwNDI3NjBiNWNhOSIsInVzZXJfaWQiOiIxIn0.wiFH_w3s4ae3chCb0eskhT1DuvnTX7X7Kd2A5lJT9tc", "created_at": "2026-05-25T17:12:43.251Z", "expires_at": "2026-06-01T17:12:43Z"}}, {"model": "token_blacklist.outstandingtoken", "pk": 18, "fields": {"user": 1, "jti": "8b6bda9bbaf6463a84fa1c727133b57b", "token": "eyJhbGciOiJIUzI1NiIsInR5cCI6IkpXVCJ9.eyJ0b2tlbl90eXBlIjoicmVmcmVzaCIsImV4cCI6MTc4MDY2ODg1NiwiaWF0IjoxNzgwMDY0MDU2LCJqdGkiOiI4YjZiZGE5YmJhZjY0NjNhODRmYTFjNzI3MTMzYjU3YiIsInVzZXJfaWQiOiIxIn0.F3VKxZw30PWynU_XmlpvfvjkGAj_E-nzpH5sWJhhcrI", "created_at": "2026-05-29T14:14:16.746Z", "expires_at": "2026-06-05T14:14:16Z"}}, {"model": "token_blacklist.outstandingtoken", "pk": 19, "fields": {"user": 1, "jti": "810ef4b178b541f08e5e8c11b4525174", "token": "eyJhbGciOiJIUzI1NiIsInR5cCI6IkpXVCJ9.eyJ0b2tlbl90eXBlIjoicmVmcmVzaCIsImV4cCI6MTc4MDY2OTYyNCwiaWF0IjoxNzgwMDY0ODI0LCJqdGkiOiI4MTBlZjRiMTc4YjU0MWYwOGU1ZThjMTFiNDUyNTE3NCIsInVzZXJfaWQiOiIxIn0._fKkAo02jAo9fuu0jqcLHMuoiQoQpGDAwyO_00XYBxE", "created_at": "2026-05-29T14:27:04.218Z", "expires_at": "2026-06-05T14:27:04Z"}}, {"model": "token_blacklist.outstandingtoken", "pk": 20, "fields": {"user": 1, "jti": "f68515c906b74d108e0722da06816963", "token": "eyJhbGciOiJIUzI1NiIsInR5cCI6IkpXVCJ9.eyJ0b2tlbl90eXBlIjoicmVmcmVzaCIsImV4cCI6MTc4MDY3NTY1MywiaWF0IjoxNzgwMDcwODUzLCJqdGkiOiJmNjg1MTVjOTA2Yjc0ZDEwOGUwNzIyZGEwNjgxNjk2MyIsInVzZXJfaWQiOiIxIn0.qH6PWD774HMQGmMfX_fP71dVlAIJh5F4V_niILHvJL8", "created_at": "2026-05-29T16:07:33.200Z", "expires_at": "2026-06-05T16:07:33Z"}}, {"model": "token_blacklist.outstandingtoken", "pk": 21, "fields": {"user": 1, "jti": "76a4858b0bdb4996b8b3b5281f3c46be", "token": "eyJhbGciOiJIUzI1NiIsInR5cCI6IkpXVCJ9.eyJ0b2tlbl90eXBlIjoicmVmcmVzaCIsImV4cCI6MTc4MDY3NTY1MywiaWF0IjoxNzgwMDcwODUzLCJqdGkiOiI3NmE0ODU4YjBiZGI0OTk2YjhiM2I1MjgxZjNjNDZiZSIsInVzZXJfaWQiOiIxIn0.bwBVV-eX8beJWojJ7IGqgP-J4Kk3l_IB3B5NTTDz4ow", "created_at": "2026-05-29T16:07:33.200Z", "expires_at": "2026-06-05T16:07:33Z"}}, {"model": "token_blacklist.outstandingtoken", "pk": 22, "fields": {"user": 1, "jti": "722fcc4db29743b99c1713cfaea680c2", "token": "eyJhbGciOiJIUzI1NiIsInR5cCI6IkpXVCJ9.eyJ0b2tlbl90eXBlIjoicmVmcmVzaCIsImV4cCI6MTc4MDY3NTY1MywiaWF0IjoxNzgwMDcwODUzLCJqdGkiOiI3MjJmY2M0ZGIyOTc0M2I5OWMxNzEzY2ZhZWE2ODBjMiIsInVzZXJfaWQiOiIxIn0.dma6iOT90adU6mV1WZ6fHM8AvhVeOlvbPPRxomAjx7k", "created_at": "2026-05-29T16:07:33.199Z", "expires_at": "2026-06-05T16:07:33Z"}}, {"model": "token_blacklist.outstandingtoken", "pk": 23, "fields": {"user": 1, "jti": "5e0c8b5a99cf4fef8e91367fd94246ff", "token": "eyJhbGciOiJIUzI1NiIsInR5cCI6IkpXVCJ9.eyJ0b2tlbl90eXBlIjoicmVmcmVzaCIsImV4cCI6MTc4MDY3NTY1MywiaWF0IjoxNzgwMDcwODUzLCJqdGkiOiI1ZTBjOGI1YTk5Y2Y0ZmVmOGU5MTM2N2ZkOTQyNDZmZiIsInVzZXJfaWQiOiIxIn0.6aYT703E3PlqMdUGsHGWOKDK2YdZzINDNRtRkIzB2U4", "created_at": "2026-05-29T16:07:33.199Z", "expires_at": "2026-06-05T16:07:33Z"}}, {"model": "token_blacklist.outstandingtoken", "pk": 24, "fields": {"user": 1, "jti": "43d9dd2fd188422fac19b6037f6853b9", "token": "eyJhbGciOiJIUzI1NiIsInR5cCI6IkpXVCJ9.eyJ0b2tlbl90eXBlIjoicmVmcmVzaCIsImV4cCI6MTc4MDY3ODc0NiwiaWF0IjoxNzgwMDczOTQ2LCJqdGkiOiI0M2Q5ZGQyZmQxODg0MjJmYWMxOWI2MDM3ZjY4NTNiOSIsInVzZXJfaWQiOiIxIn0.EGTXQU_5kMAGb1h-mf4_cGshQQxX2nY2__cFM5KtnYY", "created_at": "2026-05-29T16:59:06.657Z", "expires_at": "2026-06-05T16:59:06Z"}}, {"model": "token_blacklist.blacklistedtoken", "pk": 1, "fields": {"token": 1, "blacklisted_at": "2026-05-22T18:19:27.665Z"}}, {"model": "token_blacklist.blacklistedtoken", "pk": 2, "fields": {"token": 2, "blacklisted_at": "2026-05-22T18:47:56.085Z"}}, {"model": "token_blacklist.blacklistedtoken", "pk": 3, "fields": {"token": 3, "blacklisted_at": "2026-05-22T18:48:26.882Z"}}, {"model": "token_blacklist.blacklistedtoken", "pk": 4, "fields": {"token": 4, "blacklisted_at": "2026-05-23T14:46:23.457Z"}}, {"model": "token_blacklist.blacklistedtoken", "pk": 5, "fields": {"token": 7, "blacklisted_at": "2026-05-23T15:02:48.225Z"}}, {"model": "token_blacklist.blacklistedtoken", "pk": 6, "fields": {"token": 8, "blacklisted_at": "2026-05-23T15:03:30.960Z"}}, {"model": "token_blacklist.blacklistedtoken", "pk": 7, "fields": {"token": 9, "blacklisted_at": "2026-05-23T15:29:23.186Z"}}, {"model": "token_blacklist.blacklistedtoken", "pk": 8, "fields": {"token": 10, "blacklisted_at": "2026-05-23T16:11:01.680Z"}}, {"model": "token_blacklist.blacklistedtoken", "pk": 9, "fields": {"token": 11, "blacklisted_at": "2026-05-23T18:03:53.374Z"}}, {"model": "token_blacklist.blacklistedtoken", "pk": 10, "fields": {"token": 15, "blacklisted_at": "2026-05-25T17:12:16.074Z"}}, {"model": "token_blacklist.blacklistedtoken", "pk": 11, "fields": {"token": 18, "blacklisted_at": "2026-05-29T14:14:20.071Z"}}, {"model": "token_blacklist.blacklistedtoken", "pk": 12, "fields": {"token": 19, "blacklisted_at": "2026-05-29T16:07:33.204Z"}}, {"model": "accounts.user", "pk": 1, "fields": {"password": "pbkdf2_sha256$1200000$mKRUpHO68wOP5E1tBbD0QO$qDKBJOsbByRKB9oEIDXdcb7KzogkKHx/pBs25dHnXWI=", "last_login": "2026-05-22T13:08:02.905Z", "is_superuser": true, "username": "keshav", "first_name": "keshav", "last_name": "sharma", "is_staff": true, "is_active": true, "date_joined": "2026-05-22T13:06:45.862Z", "email": "keshav08oct@gmail.com", "phone": "", "city": "", "bio": "", "avatar": "", "created_at": "2026-05-22T13:06:45.979Z", "updated_at": "2026-05-23T14:49:19.811Z", "groups": [], "user_permissions": []}}, {"model": "accounts.user", "pk": 2, "fields": {"password": "pbkdf2_sha256$1200000$IomAINuoky2nnb83Crj2Ia$aYqIXzZ+81JMEi7DfQTujDIRlBLrA6gZfJWwq4in1I4=", "last_login": null, "is_superuser": false, "username": "kishu", "first_name": "Kishu", "last_name": "K", "is_staff": false, "is_active": true, "date_joined": "2026-05-22T18:20:35.889Z", "email": "kishu@gmail.com", "phone": "", "city": "", "bio": "", "avatar": "", "created_at": "2026-05-22T18:20:36.000Z", "updated_at": "2026-05-22T18:20:36.000Z", "groups": [], "user_permissions": []}}, {"model": "accounts.user", "pk": 3, "fields": {"password": "pbkdf2_sha256$1200000$PKxd9ZNEIaxp5tThT8vaO0$7Sam0fd8yb+ETf2KbSvWtpAwJgvTGPvsUf6fnWzjap0=", "last_login": null, "is_superuser": false, "username": "Sneha", "first_name": "Sneha", "last_name": "Ku", "is_staff": false, "is_active": true, "date_joined": "2026-05-22T18:52:28.001Z", "email": "sneha@gmail.com", "phone": "", "city": "", "bio": "", "avatar": "", "created_at": "2026-05-22T18:52:28.112Z", "updated_at": "2026-05-22T18:52:28.112Z", "groups": [], "user_permissions": []}}, {"model": "accounts.user", "pk": 4, "fields": {"password": "pbkdf2_sha256$1200000$zWXhx2Xz02qdHR6A8zCJZk$7G/tfRktb5liF5Qx2TcRss9iHua7iNmI/8o8HJdTznY=", "last_login": "2026-05-29T16:58:16.052Z", "is_superuser": true, "username": "kkkk", "first_name": "", "last_name": "", "is_staff": true, "is_active": true, "date_joined": "2026-05-29T16:57:23.999Z", "email": "kkkk@gmail.com", "phone": "", "city": "", "bio": "", "avatar": "", "created_at": "2026-05-29T16:57:24.116Z", "updated_at": "2026-05-29T16:57:24.116Z", "groups": [], "user_permissions": []}}, {"model": "events.category", "pk": 1, "fields": {"name": "Movies", "slug": "movies", "icon": "🎬"}}, {"model": "events.category", "pk": 2, "fields": {"name": "Cricket", "slug": "cricket", "icon": "🏏"}}, {"model": "events.category", "pk": 3, "fields": {"name": "Shows", "slug": "shows", "icon": "🎭"}}, {"model": "events.category", "pk": 4, "fields": {"name": "Comedy", "slug": "comedy", "icon": "😂"}}, {"model": "events.category", "pk": 5, "fields": {"name": "Concerts", "slug": "concerts", "icon": "🎵"}}, {"model": "events.category", "pk": 6, "fields": {"name": "Sports", "slug": "sports", "icon": "⚽"}}, {"model": "events.category", "pk": 7, "fields": {"name": "Theatre", "slug": "theatre", "icon": "🎪"}}, {"model": "events.category", "pk": 8, "fields": {"name": "Food", "slug": "food", "icon": "🍕"}}, {"model": "events.category", "pk": 9, "fields": {"name": "Exhibition", "slug": "exhibition", "icon": "🎪"}}, {"model": "events.event", "pk": 1, "fields": {"title": "Satindar Sartaaz Consert", "slug": "satindar-sartaaz-consert", "description": "", "category": 5, "venue": "JECC", "city": "Jaipur", "address": "", "date": "2026-05-28", "time": "20:00:00", "price": "3000.00", "total_seats": 1000, "image": "", "tags": "Live Music", "status": "published", "rating": "5.0", "badge": "Hot", "created_at": "2026-05-23T15:00:44.197Z", "updated_at": "2026-05-23T15:00:44.197Z"}}, {"model": "events.event", "pk": 2, "fields": {"title": "Iron Man - 4", "slug": "iron-man-4", "description": "", "category": 1, "venue": "INOX", "city": "Jaipur", "address": "", "date": "2026-05-30", "time": "21:00:00", "price": "299.00", "total_seats": 230, "image": "", "tags": "Movie", "status": "published", "rating": "5.0", "badge": "Trending", "created_at": "2026-05-23T15:08:20.639Z", "updated_at": "2026-05-23T15:08:20.639Z"}}, {"model": "events.event", "pk": 3, "fields": {"title": "RR VS MI", "slug": "rr-vs-mi", "description": "", "category": 2, "venue": "SMS Stadium", "city": "Jaipur", "address": "", "date": "2026-05-26", "time": "18:00:00", "price": "1500.00", "total_seats": 10000, "image": "", "tags": "IPL,Cricket", "status": "published", "rating": "4.0", "badge": "Hot", "created_at": "2026-05-25T17:14:51.261Z", "updated_at": "2026-05-25T17:22:11.458Z"}}, {"model": "events.event", "pk": 4, "fields": {"title": "Munhar Seth", "slug": "munhar-seth", "description": "", "category": 3, "venue": "Birla Oditoriyam", "city": "Jaipur", "address": "", "date": "2026-05-28", "time": "22:45:00", "price": "799.00", "total_seats": 500, "image": "", "tags": "Live Show", "status": "published", "rating": "4.8", "badge": "Hot", "created_at": "2026-05-25T17:16:48.367Z", "updated_at": "2026-05-25T17:16:48.368Z"}}, {"model": "events.event", "pk": 5, "fields": {"title": "Zakir Khan Show", "slug": "zakir-khan-show", "description": "", "category": 4, "venue": "JECC", "city": "Jaipur", "address": "", "date": "2026-05-30", "time": "00:50:00", "price": "2000.00", "total_seats": 1000, "image": "", "tags": "Live Show, Comedy", "status": "published", "rating": "5.0", "badge": "Trending", "created_at": "2026-05-25T17:18:14.108Z", "updated_at": "2026-05-25T17:18:14.108Z"}}, {"model": "events.booking", "pk": 1, "fields": {"user": 1, "event": 1, "quantity": 2, "total_price": "6000.00", "status": "cancelled", "reference": "EVT-26D8155D", "booked_at": "2026-05-23T15:01:15.499Z"}}, {"model": "events.booking", "pk": 2, "fields": {"user": 3, "event": 1, "quantity": 2, "total_price": "6000.00", "status": "confirmed", "reference": "EVT-99F594A3", "booked_at": "2026-05-23T15:03:08.495Z"}}, {"model": "events.booking", "pk": 3, "fields": {"user": 3, "event": 2, "quantity": 3, "total_price": "897.00", "status": "confirmed", "reference": "EVT-8B368B31", "booked_at": "2026-05-23T16:10:33.883Z"}}, {"model": "events.booking", "pk": 4, "fields": {"user": 3, "event": 1, "quantity": 9, "total_price": "27000.00", "status": "cancelled", "reference": "EVT-FDC58B57", "booked_at": "2026-05-23T18:05:18.256Z"}}, {"model": "events.booking", "pk": 5, "fields": {"user": 1, "event": 4, "quantity": 2, "total_price": "1598.00", "status": "confirmed", "reference": "EVT-95AD57BA", "booked_at": "2026-05-29T14:27:23.607Z"}}]
